"","Alytes_obstetricans","Discoglossus_sardus","Bombina_variegata","Epidalea_calamita","Hyla_arborea","Hyla_meridionalis","Hyla_sarda","Pelobates_cultripes","Pelobates_fuscus","Pelophylax_lessonae","Rana_arvalis","Rana_dalmatina","Rana_pyrenaica","Calotriton_asper","Lissotriton_vulgaris","Salamandra_lanzai","Triturus_cristatus","Triturus_marmoratus","Salamandra_atra","Coronella_austriaca","Hierophis_viridiflavus","Zamenis_longissimus","Algyroides_fitzingeri","Archaeolacerta_bedriagae","Lacerta_bilineata","Podarcis_muralis","Podarcis_tiliguerta","Timon_lepidus","Natrix_maura","Euleptes_europaea","Vipera_aspis","Discoglossus_montalentii","Pelophylax_grafi","Pelophylax_perezi","Speleomantes_strinatii","Euproctus_montanus","Salamandra_corsica","Iberolacerta_aranica","Iberolacerta_aurelioi","Iberolacerta_bonnali","Lacerta_agilis","Vipera_berus","Vipera_seoanei","Vipera_ursinii","Emys_orbicularis","Mauremys_leprosa","Testudo_hermanni","Zootoca_vivipara","Natrix_natrix"
"Alytes_obstetricans",0.0384678158944718,0.384066294346789,0.383814777721368,0.409252890287228,0.33433255152972,0.391657260816033,0.359602149184043,0.450655235293691,0.358050816932622,0.380697104468473,0.36790233750566,0.334465803745047,0.409099075772195,0.430095722333494,0.356352909065161,0.390365487009943,0.323417622267936,0.320263322980883,0.411378925596908,0.468508484852397,0.437385059346517,0.42830598224581,0.449508595639577,0.444474529387817,0.425007438115117,0.300460656129329,0.466558848011833,0.517794553809424,0.487824249953643,0.413854990588533,0.483967281245763,0.374918644964979,0.400062445771219,0.404213713767488,0.433569032202923,0.423087200634949,0.399275998691992,0.451697747962098,0.468869323169598,0.459112935771422,0.465815116865579,0.424109263570835,0.425563597626098,0.468174370990029,0.467747320366686,0.481457972060274,0.4950582237311,0.380281868159127,0.425764542652332
"Discoglossus_sardus",0.526585873603549,0.0419512118923743,0.469250384221456,0.540274835486994,0.469482425048907,0.397833400570304,0.408392155898171,0.392554107479957,0.529070333136075,0.502191271811621,0.437705094672968,0.488183814110858,0.54523149860622,0.444122794552456,0.563784439890644,0.601333718858125,0.610987825229895,0.494809539990327,0.590974714138783,0.598621014322903,0.510835657360883,0.606318342795605,0.285927720030204,0.445489623262371,0.486265559740733,0.47348372589639,0.332114768751961,0.414013299782957,0.493781082201341,0.359200874589285,0.468229187790902,0.370594808746164,0.353794148918248,0.36019452042319,0.392883659850272,0.43213007861928,0.507116932459245,0.54327544571446,0.533449954109758,0.578369835127657,0.561703391408499,0.536043303313441,0.53484875825901,0.560772660207382,0.506870011057487,0.540249384749171,0.441020341324235,0.406119740105037,0.536741147906175
"Bombina_variegata",0.424860422725002,0.458656780216726,0.0386136277157067,0.449317951263851,0.333846878954909,0.553533579347848,0.55430543428849,0.508970333308724,0.426708560929129,0.555226506873051,0.358535207413925,0.47824101321168,0.431904511141086,0.488222170446562,0.445615604246351,0.50827203668209,0.450158595174053,0.411253073076357,0.43374929991487,0.490460327321736,0.5460115859451,0.499298379080958,0.440332339000071,0.475054853690078,0.544136443582741,0.446258931803242,0.48013321482683,0.559112294182196,0.57905574637891,0.519632982115,0.53986731769537,0.41008536180627,0.554423218389911,0.557815147249739,0.505511137894452,0.474566287668726,0.485852033042009,0.47490004564405,0.442951030828559,0.436326332492249,0.356056361568763,0.588340849269932,0.552819615331724,0.47821871477681,0.562967797362874,0.559179909904251,0.55612252645902,0.372423524398547,0.468953354628697
"Epidalea_calamita",0.424199367293748,0.608804769793386,0.48840969518582,0.0350791541976386,0.458941803424887,0.403373517659545,0.4186517638955,0.331511258191168,0.400168322698669,0.384880475915786,0.408593322709945,0.441492578459754,0.561158146479886,0.624366363765881,0.336578412981221,0.57618450863839,0.388653603519171,0.45543748272348,0.456883408433317,0.470972328263084,0.472851811954427,0.334708641188428,0.550820453947526,0.592934114760992,0.468856166261325,0.41216032478946,0.573717541346859,0.494485079963474,0.385832874062701,0.552682755922722,0.527049170855576,0.586374433663179,0.354186636230769,0.329959057200776,0.538906628786693,0.5754214224112,0.620915411862491,0.564559092296102,0.546156988182191,0.555323549011599,0.401797480374694,0.453364375401836,0.647048830492528,0.61974700292443,0.397276624841992,0.431930539058235,0.449441130170995,0.531340315691911,0.436642247940793
"Hyla_arborea",0.485983274134018,0.494108505525371,0.353669094249613,0.433590975851229,0.0386136277157067,0.428336414023692,0.422328714853591,0.468474150246284,0.372596430524836,0.445003569323369,0.32099906312195,0.311491650998993,0.479871304955417,0.580253664804674,0.394975821510649,0.508914796113271,0.401668920609868,0.354480051772807,0.502495574565691,0.55954455223607,0.554025151266221,0.549069988636615,0.521678486184024,0.526330745047327,0.577839170987358,0.493299556128142,0.547380340593169,0.617358517979033,0.560463835664395,0.489881181761722,0.57243374660748,0.465027759248242,0.568587405794883,0.558956816040307,0.546024144251032,0.574516001063665,0.520576408566062,0.549375947807382,0.537077117465494,0.562031627057604,0.524164409205434,0.548278803524328,0.553033146736468,0.53155464165599,0.59929908373745,0.48121781064305,0.582638805857891,0.495387327180936,0.561497003273197
"Hyla_meridionalis",0.384242435933988,0.388633478672081,0.52680419311633,0.320473261190137,0.362672667971876,0.0485910778280485,0.310207734265348,0.355645267395475,0.337079459316743,0.339811408639398,0.364796238880312,0.333246608373664,0.581518929539439,0.567441221630684,0.392476566240797,0.595916578915517,0.452785972033175,0.408303457892834,0.524605397984249,0.483347725658771,0.379337511350889,0.41502851425997,0.426540424378772,0.476310620776259,0.419244946263795,0.383008547838276,0.440087162514307,0.344188769561455,0.370054827767535,0.415135162985536,0.536560054876832,0.390539957754811,0.372855464581764,0.360236996250624,0.497061142460994,0.507215867053515,0.53572181317263,0.552815419913905,0.513172455203013,0.533365516986219,0.463649032400395,0.435847397799779,0.594104246951762,0.611914603797732,0.451466932774697,0.347384760503722,0.415981668285897,0.418982669515095,0.432569610390791
"Hyla_sarda",0.504593554509339,0.391743998067996,0.628460216090583,0.391458450446703,0.428990588821825,0.377689646160501,0.0324440445433797,0.391076373426657,0.482083785656972,0.512001539535917,0.570855830117509,0.577153988010967,0.5751883037877,0.578726043799009,0.51410930682858,0.619232005275636,0.579172787963992,0.59091194452056,0.473266304952139,0.558297358478774,0.572017454548832,0.550332650616162,0.328901734331816,0.534771091594536,0.567793710410549,0.474894948537086,0.3687702957439,0.45925997768997,0.423100059545262,0.45252643141669,0.591712321426524,0.484333896213106,0.395562950046178,0.391316751663932,0.532487053522299,0.546376663553995,0.596085180250814,0.610262708438661,0.582343719191375,0.546466922068948,0.601045232658015,0.465227559061188,0.593338775121976,0.656338267076149,0.48362699893736,0.521703289581849,0.405443868959315,0.569581114952944,0.631852900924452
"Pelobates_cultripes",0.612916705018006,0.48870025419836,0.60673698910611,0.36289084756983,0.541126839265277,0.462563478454251,0.451001956768863,0.0386136277157067,0.364486439617503,0.532326877970013,0.53355668660309,0.572425937104427,0.68671917089162,0.584640237669824,0.478085242327481,0.603690697034452,0.515732425280596,0.551801843865727,0.463964409797234,0.618920516498916,0.534728260383339,0.523869393196567,0.520917614700731,0.632701441302683,0.514442383894953,0.59946408082046,0.521368634692291,0.477987045018064,0.496604451269482,0.567086770256001,0.601139072206879,0.559005031350561,0.267575809126953,0.333354163638436,0.53676046322961,0.579557912829877,0.631180525936276,0.699944167481582,0.618875673055753,0.632546375775015,0.551576465307009,0.57596175654454,0.742265975526674,0.653628541282901,0.474074758080676,0.433628547476945,0.427605346431184,0.612348711150976,0.580429222828439
"Pelobates_fuscus",0.58950779638012,0.574542015778966,0.536057970088254,0.395293199593159,0.407943582603241,0.466424098323192,0.544112614246706,0.369956779775228,0.0474273711023853,0.389374934286566,0.398405123851773,0.448458499598522,0.6826894733403,0.630187978827664,0.389324155348255,0.570363727226605,0.411067182970776,0.516782930330975,0.482942496200075,0.671330478264512,0.606958339180791,0.570117355751925,0.634750317581915,0.641276496338532,0.653984735041677,0.603913346069088,0.666817601718457,0.634629334772584,0.613018882266682,0.615768195408402,0.71415216392237,0.602560773276939,0.432869526349142,0.433258298348967,0.645195861156967,0.62624849525314,0.706891212700489,0.659186561597539,0.595165155222799,0.615389053273205,0.509893686522026,0.599974642470063,0.705783024268657,0.671389662887983,0.54749427064314,0.501463735757878,0.556213045024256,0.678741782013381,0.625875967546793
"Pelophylax_lessonae",0.450984013087115,0.518505136532701,0.518966780841021,0.387494078464873,0.439509139957757,0.419605046825821,0.483371989301961,0.459855189579393,0.396875232568366,0.0178284151894244,0.314915756691358,0.316475116439216,0.516702782163655,0.502746083390273,0.303510010655395,0.625796845363934,0.370419062619068,0.37029135693879,0.465311800800221,0.457592234695513,0.48749074560555,0.474278019698297,0.566785347589286,0.541667933396696,0.489605510624301,0.493329063250889,0.58058002510974,0.419785948442861,0.493334720338113,0.544137314406932,0.529063447721381,0.533883608843563,0.373913172609012,0.329474747652746,0.551478156926059,0.520951413160856,0.583513205328779,0.533587087239902,0.519149839466524,0.560120244672597,0.406214988506767,0.419657281634045,0.523604550165276,0.590989215224023,0.441352227240768,0.406094393261271,0.454075488837455,0.506468756257018,0.441825027532585
"Rana_arvalis",0.708011950185556,0.648520400701041,0.568057675998756,0.535624674060947,0.485201403288912,0.609809717682377,0.702851017115708,0.612118807501091,0.476006023378183,0.431712661791844,0.038442277134389,0.434772810518324,0.610970521131833,0.781740960126851,0.468765820230002,0.568355595147574,0.539992860627206,0.410797873733881,0.77811810390405,0.734799108042696,0.665124135769511,0.695188839104395,0.621443400253235,0.677740781663535,0.695782766829796,0.622778056129573,0.654088429993095,0.687855253853197,0.652897296566307,0.649034943353442,0.757429891294001,0.73613557744389,0.610265608986022,0.570819427797691,0.711585368207026,0.744503727921669,0.640769023217423,0.514862849030385,0.590110695629558,0.617536018866639,0.62991497353468,0.672702514099136,0.643822398951,0.625381049637964,0.66491014728925,0.612260577031464,0.694703785790879,0.617816610824573,0.682341826267823
"Rana_dalmatina",0.441036865951272,0.475406288931268,0.456744016244385,0.447106398454028,0.283886027730653,0.425598950072769,0.50357290868249,0.483968589608466,0.41596889251811,0.325449034530893,0.277626445282174,0.0241227967029499,0.348185986275732,0.534586323971263,0.366249571714482,0.462327304996828,0.336954148953806,0.299939776841205,0.467093551499493,0.504244126992573,0.482761470005995,0.518363793660921,0.561185741039307,0.493160560491624,0.496754163935529,0.476177378345725,0.562380421262955,0.509687880570792,0.565407382534398,0.539951031410062,0.549268631715763,0.4463900492742,0.446119588360339,0.428291803937269,0.492441943452852,0.495179671701412,0.441468242435541,0.451326914726599,0.494775088644529,0.499672322043537,0.480460617169699,0.510136617751232,0.429720694876633,0.468389533783494,0.542688754910726,0.467724797631833,0.524572938192496,0.474220189014036,0.51182741343627
"Rana_pyrenaica",0.682239277066787,0.708696999572569,0.657852556061705,0.682385750908973,0.671165865898041,0.72175052969841,0.662976331921734,0.741254511435029,0.718258272329851,0.65452604212042,0.732883880719214,0.563583027854671,0.0179742270106594,0.562636216394728,0.696340610375888,0.43587809319236,0.611459141321624,0.715413857043688,0.591768591453278,0.727309285458339,0.785493291571748,0.748031905277186,0.725924967956522,0.570337900107204,0.742311788608103,0.771823650645404,0.72146170585056,0.772692684050531,0.78782509017734,0.750972508927142,0.719174112424287,0.570586096843897,0.709959970876538,0.689631045096089,0.667215264280552,0.575001966173321,0.400586703717701,0.335810154601942,0.574554972691865,0.555900816987461,0.676197349910553,0.785800579441411,0.345872209483961,0.38268029456414,0.764656240219348,0.83735456578401,0.777515942558638,0.723934173842628,0.758582431749825
"Calotriton_asper",0.510266966485069,0.421561026671386,0.487911838793316,0.617855491717939,0.578823893173174,0.578724814773653,0.594171185651807,0.537461421198367,0.515498527199211,0.534122978539065,0.713999228780116,0.556903723893395,0.312812990766327,0.0386136277157067,0.594191644573616,0.275486332924463,0.480541383703109,0.50901262505308,0.334869497370386,0.509257158480585,0.545021757666578,0.542354307855214,0.496654520583726,0.325621876361406,0.505239492469641,0.573260342856337,0.454733255983004,0.553567028471184,0.575720592414203,0.482380824580379,0.375350905107277,0.331796788171324,0.54032381250023,0.553543510882056,0.4071282390781,0.295305400002438,0.300684495625436,0.337349724228047,0.312606190028895,0.326558662942548,0.537278806055435,0.561859254024636,0.330533495370922,0.334241258172916,0.506913620580911,0.541576934946974,0.525796198684711,0.438647233376999,0.488526548125562
"Lissotriton_vulgaris",0.3953468527945,0.543132186890902,0.506855101817865,0.331128297354764,0.357974502324414,0.437996118925872,0.439344715428591,0.437030812392321,0.344516470004788,0.314032952693146,0.339080993534547,0.341144569320029,0.663915180501345,0.60574717992309,0.0214831617686447,0.616817067541381,0.231393027661521,0.300608728188329,0.489385846031051,0.50980213819048,0.488249981566424,0.480625723878028,0.583968868101888,0.603988556039778,0.554569536622028,0.457153298562149,0.619882538273482,0.516717342863526,0.512854627270709,0.565231935415862,0.582258637111427,0.52014457461408,0.438654447162593,0.428687005956875,0.593838264659911,0.567913044911923,0.58007943264456,0.582878330660734,0.61590405007713,0.641285801206027,0.432554587789646,0.449095860740799,0.715073157794315,0.685828499782465,0.471490818124307,0.39627293526713,0.470632628873902,0.560743164468484,0.49372929889484
"Salamandra_lanzai",0.58466242851807,0.709273468063369,0.628896440043694,0.684522228307572,0.675044212509918,0.735844136944821,0.691896748626433,0.673226515580292,0.62254787953883,0.748115437519814,0.720753884374204,0.661483391082818,0.42237133482794,0.404184002895782,0.697906203269698,0.0557230801827323,0.524770197271169,0.649264955050568,0.411227675447325,0.572548222378918,0.672647297538557,0.690955288532185,0.70326612189679,0.578267970669987,0.645391869514544,0.645177440186051,0.69004925602769,0.643047405293522,0.711711028474745,0.665387152333234,0.524588309240638,0.673104468264823,0.707579946108224,0.732005869732094,0.623183124897421,0.550526779664524,0.41077737057732,0.261392839491595,0.460972733582929,0.450230432433407,0.623819280646557,0.619064663262355,0.378351888410359,0.485526449386085,0.662593884502813,0.666239323186163,0.637853900012187,0.590857448648052,0.659868329232268
"Triturus_cristatus",0.381853936277587,0.533412707551339,0.44643686170917,0.422345171506784,0.286985390502795,0.52175599397681,0.50233059731287,0.454173186471125,0.348441345648572,0.376796657657502,0.350540017562853,0.258926642999486,0.444773900155635,0.485101362996954,0.243516145926788,0.42369448985548,0.0179742270106594,0.265187362374698,0.4391141221978,0.474350289258962,0.416851540685267,0.508899718119953,0.622844734902118,0.576094844174955,0.463990826506291,0.515382833133602,0.60792326287857,0.541737422479148,0.601031182110646,0.538025265565963,0.566503557821498,0.522644595450952,0.503295244516178,0.491626654017974,0.504579126675068,0.517352453730591,0.506160414681897,0.499575698695359,0.455767062379694,0.501166689644483,0.452312564754315,0.485013969609183,0.503935418171224,0.51331201719245,0.514502112638954,0.443443415333261,0.477918764887264,0.594975375263955,0.445870122565385
"Triturus_marmoratus",0.402525798157975,0.468129420812192,0.441956304740064,0.439184065013095,0.32683206094479,0.407458529111608,0.503428811964401,0.461150211170765,0.401603077783048,0.401039952956475,0.28772686701215,0.315814028545001,0.448672321858594,0.486642357965998,0.333318282995016,0.525541857930946,0.322449592757357,0.0428205117160544,0.536388770566647,0.569620970159895,0.470417943367816,0.521110867060738,0.533209633123667,0.50287955250973,0.503683458107699,0.5238474455879,0.5455484483529,0.494271310172523,0.554651493976384,0.439723591611002,0.588406407057198,0.441786843823095,0.462706600997836,0.438417681568468,0.460245724141099,0.456143857415046,0.348845190145354,0.482862982534389,0.595668298348639,0.540038653122754,0.582676456240116,0.535745634789654,0.446618657614927,0.426543429462135,0.530057957628068,0.397051019166813,0.485113564342535,0.495009246035736,0.532853400344829
"Salamandra_atra",0.481492830185032,0.586772639650902,0.463130482425142,0.483868516030179,0.472103276984166,0.560261738271484,0.458076538292921,0.399400850826576,0.402026884557388,0.491940601068042,0.655014638287268,0.485369386807933,0.43671671341182,0.367885025639245,0.467594663147284,0.413641248889297,0.382994885251174,0.544075683275043,0.0351046929577214,0.447201705471665,0.580378159296222,0.43971107044573,0.662141074448747,0.539864743268632,0.517079699430339,0.578149454040597,0.661990621857474,0.547377480845797,0.536537905493674,0.623427546338888,0.492481873563864,0.464147535475809,0.460058621584506,0.541321396227406,0.501879142268503,0.437660709055887,0.458145829130539,0.540689627879481,0.478058935106359,0.468302547708183,0.461539093666973,0.483027145074741,0.522196964875806,0.570429491926608,0.527478221974918,0.485630740250378,0.516900030905942,0.541330839209495,0.463960964239039
"Coronella_austriaca",0.431607293099821,0.569731922889083,0.406398621319901,0.485780456439763,0.491198478394871,0.568241430666742,0.503167470190203,0.598389410657563,0.525636398238014,0.477763764925014,0.52099792699854,0.52942949302985,0.513721234258422,0.49311333204455,0.554498159050408,0.504374748081808,0.546216157389576,0.564063037851084,0.473361491878763,0.0393829384908157,0.394282126996832,0.287168130804294,0.529405183197516,0.499262387338364,0.382733715226892,0.37790071498496,0.502013324456769,0.451079695062643,0.35795814478149,0.586243008364024,0.245294550489027,0.598092404124954,0.534344283831565,0.503778649568845,0.534114888343361,0.553494150359676,0.548220559460864,0.526926978666306,0.468700854293783,0.479070815839946,0.369952403035158,0.213080057789531,0.377534134005415,0.435355910861507,0.400825456726304,0.538154905533539,0.466395109141656,0.361107793338199,0.256668493864522
"Hierophis_viridiflavus",0.500433343393163,0.554255051829783,0.515136722995395,0.590401405901253,0.547465668938577,0.502815152833254,0.576257130507087,0.537902973745915,0.538786197412075,0.546369818119168,0.505566920649407,0.497753471753573,0.585990614903471,0.572733631957174,0.53271165438617,0.574825582255506,0.47739703541287,0.533590105682375,0.570501077803154,0.379836198485819,0.0302969051553232,0.386705196289321,0.505647034483123,0.536332648682417,0.372157277459164,0.437367318020828,0.514254804981999,0.390652045127506,0.462472515050055,0.535341622283449,0.475119806070743,0.596089684879346,0.608237089650225,0.614960148447006,0.566188013195035,0.565402516989881,0.590091535789007,0.536296959378596,0.539241181965788,0.542528118352622,0.442526130896649,0.453396977848432,0.509211943699318,0.451093876938853,0.472210324294809,0.487762890071595,0.441286369526438,0.543497559129033,0.283242183431342
"Zamenis_longissimus",0.421275130338638,0.593438549015514,0.473721151941978,0.369471470984814,0.488349752897603,0.469842407892394,0.457085390891885,0.47917455722607,0.462299168090139,0.454291756577676,0.521640234126112,0.485556917536165,0.543583623422225,0.545579438729292,0.48046640847119,0.624350944448217,0.51302557320101,0.556617700756363,0.415359517521034,0.300479398716055,0.345479210997433,0.0261909605224717,0.548066416940166,0.532491181153533,0.41695448722697,0.460954935556558,0.532303156487668,0.466248231817596,0.294870373328038,0.589098966435956,0.392502942636333,0.556722966423765,0.495520410195331,0.479138320025595,0.489065654319379,0.586941758066663,0.577958868508284,0.602444446258925,0.707738480176752,0.579685917178112,0.405206601311607,0.349813415436173,0.522355864669702,0.498199034521659,0.337328434694155,0.422503777089901,0.399780246884717,0.493100588390237,0.322166149505461
"Algyroides_fitzingeri",0.579804189016394,0.320065367412655,0.4375442132689,0.55612869550112,0.560859140793975,0.503254133250443,0.356716868234609,0.494591549453796,0.5691139594239,0.659998503147714,0.489106104628653,0.654598855437726,0.556213053971047,0.531339584842544,0.601187466693469,0.641135533489132,0.685778880736454,0.585110180174294,0.62035976919553,0.597108453643667,0.526407914912667,0.597998293831433,0.0324440445433797,0.410947099960811,0.553692699393193,0.459566494097149,0.23666418896394,0.467651452262745,0.510328665831135,0.348247592564396,0.470554543645133,0.459581028647449,0.511859593715422,0.511196389249371,0.422301928004003,0.505623364365082,0.547163616314944,0.49941298301389,0.517652431269006,0.421591181772807,0.556809670460123,0.537385622554204,0.546636204937273,0.53309642134393,0.500185974744429,0.547772968063963,0.452813523105733,0.420624768590771,0.608069752645259
"Archaeolacerta_bedriagae",0.529559150359483,0.418325734565079,0.484425231535456,0.583459013140199,0.531291475676178,0.530037842538166,0.508273654358156,0.577355259046772,0.548548399700839,0.541018043085775,0.539855070059234,0.506989910890004,0.340009432685482,0.297767459349552,0.557757666150289,0.352216182562474,0.550032879117435,0.512922277035147,0.504961408074856,0.498481918872726,0.512439507786669,0.523398799399317,0.372616105904983,0.038442277134389,0.525255068048458,0.463541230217559,0.351620867046587,0.508000700954023,0.567911582896091,0.381103332481779,0.427155845845183,0.302167129142303,0.559543305580631,0.551740767978635,0.282078417446812,0.267001241701878,0.346410742719102,0.33517381811674,0.356869625214972,0.348839888448028,0.502450549324771,0.519956724743133,0.328338265652424,0.29636725464537,0.55212437386265,0.48877160553622,0.502549865482575,0.385700679823408,0.569709993013867
"Lacerta_bilineata",0.406405705877822,0.453464866890202,0.410240341996694,0.481491999787594,0.458823432170431,0.410702693816841,0.504037294535395,0.433271485289099,0.492007856403656,0.458179628145298,0.42346026472825,0.398893776280618,0.452237306744982,0.402965006938249,0.468929727320382,0.468034049324394,0.392023630964093,0.397802733530032,0.436374240031256,0.40147234389848,0.314114535491457,0.457479752594462,0.455993011545643,0.442715876247834,0.0206394007050474,0.372863342217341,0.445603573362672,0.285072409530734,0.455106837466586,0.413700662251243,0.438635230449085,0.447219214656719,0.486619053781498,0.499582421556494,0.408093669589795,0.442077868305185,0.45098045438901,0.426141922176834,0.407866154475719,0.392784423926899,0.38441708501519,0.459562408741042,0.482354615757377,0.40115693031735,0.343204139575363,0.450312852902969,0.351784390206245,0.430190264343029,0.334279635169956
"Podarcis_muralis",0.326776590840776,0.43534002347272,0.367105153780052,0.40318211783411,0.404216362260781,0.404197419062743,0.427021122470455,0.49275908560003,0.429478702960511,0.454382786590832,0.334572089616032,0.393561435739633,0.481820518013963,0.475033455875917,0.414815213156883,0.430304809020718,0.455485851102682,0.42717127268809,0.461749433411081,0.409681206751059,0.329907783950514,0.437724721041067,0.38862419758475,0.37109424687449,0.350482396453347,0.0446163855867623,0.372144239549385,0.381481121407423,0.404794333652402,0.4064658072313,0.45527921106179,0.485402867469643,0.48926815821096,0.48453063338315,0.424118348326557,0.444540130330919,0.484560507559053,0.419465700813067,0.417211783839952,0.40264146842473,0.372596237658813,0.422569235601848,0.464880210194092,0.453270103799878,0.430637657664059,0.387836036443537,0.421430567976668,0.327970041450822,0.406504523991966
"Podarcis_tiliguerta",0.57142757225923,0.32788220557883,0.456080661002614,0.559199142973737,0.557344155655431,0.487276818609849,0.425439539323981,0.501750662140021,0.564589809490472,0.626601641728326,0.493002449495525,0.60335059593497,0.5051464414365,0.46289392430495,0.616238117015138,0.519473974819957,0.65338773623683,0.55995809673002,0.613148467507296,0.535294487402127,0.468730565321789,0.55840376774216,0.237077357989082,0.385914097420968,0.515070175921844,0.461321448436645,0.0377549933945119,0.471954561982742,0.436539415449084,0.320376555274809,0.472996990375001,0.36929777368036,0.482425969574099,0.494843881371879,0.33873035777835,0.380321008519636,0.473075146848401,0.460377905651055,0.403714486370183,0.407100425497228,0.515305123045624,0.524632216098663,0.471096661862078,0.475979076682952,0.491545899021736,0.478949626480043,0.425277453537375,0.383747379977803,0.578204116026015
"Timon_lepidus",0.497281288420082,0.416944952723412,0.485177639620893,0.530293702879597,0.521103254192668,0.365780885406852,0.407359558347413,0.463296324138596,0.534536098949651,0.445937970587852,0.507608349986182,0.475866673343861,0.591310021855818,0.496909263364757,0.480720317104104,0.538455962488958,0.521345724988423,0.458721265857654,0.529490618440733,0.409295573424435,0.304784811826339,0.426329662476896,0.387802582981217,0.46064776409793,0.273315435372242,0.414576425631166,0.402127115859583,0.0213373499474097,0.408380414500109,0.382952134281065,0.484443123752059,0.458144297890385,0.499274642561634,0.519476844234241,0.421877460006467,0.463923088414331,0.489590762982592,0.55286515555809,0.529759786238495,0.475835386708023,0.407533435595682,0.437061454171741,0.517086291166641,0.445914303360704,0.407751422436565,0.372697221673002,0.31585768846765,0.483478993796984,0.420205577317491
"Natrix_maura",0.543716661532782,0.566399986453181,0.616977587241886,0.505016880400558,0.61576467611121,0.409254129461164,0.43703913214582,0.502266505686799,0.557036417827101,0.541774529932781,0.58619277769221,0.631262757760729,0.682916829778652,0.63549515103513,0.562258303837011,0.683146001504927,0.626451725598242,0.633312380213176,0.559840794187594,0.437168619336424,0.448665897909213,0.362712399553434,0.513159062095524,0.615810419913142,0.480230724469867,0.467193604407611,0.488082502806995,0.449927591940972,0.0178742379620883,0.536352140884499,0.453162785507277,0.551213019347822,0.420739897786426,0.386499021222243,0.571745623353536,0.59825107561878,0.598493026550915,0.675247335906073,0.619339943135997,0.647121455352098,0.543997346421571,0.371338538036913,0.489693433495763,0.615553082730841,0.376575290834942,0.396780694878707,0.495830856332873,0.547311186249614,0.392637308458533
"Euleptes_europaea",0.493380717424568,0.413715418841553,0.506913763384965,0.574829849137049,0.430372264499753,0.486357572653464,0.456957022308978,0.538999651832181,0.583841723123513,0.562254467599643,0.527802548035402,0.555802859495469,0.592252424035272,0.513925954223945,0.557560579912798,0.549890896034917,0.56922234300521,0.449831109305635,0.632547489931463,0.625050116321663,0.522835593914814,0.572435454525353,0.368348451563991,0.399716511270741,0.501730574252297,0.485556725747033,0.384033224055577,0.430027649770332,0.53119548451334,0.0227610013330211,0.495563194211468,0.422720478476928,0.525418184674861,0.584768967301465,0.270709588731055,0.390413074870731,0.476971465303739,0.572562995178989,0.429398971356915,0.471250685387733,0.610160146208482,0.563494271122672,0.581258717420167,0.520329959425706,0.501419491308072,0.527029231760192,0.526740255820949,0.480798718156609,0.595925031583249
"Vipera_aspis",0.498528633305965,0.512227214092961,0.477724622510316,0.544081079376001,0.541105943671101,0.582624931480961,0.544565199642559,0.59552876893123,0.575132116281523,0.577218821447423,0.57807100393368,0.617175258819794,0.470411765434204,0.450863328751489,0.617941426982209,0.413481026391897,0.59829714219926,0.631465745619765,0.511735309879433,0.279456704810398,0.489741875104382,0.392524953244462,0.495732050504998,0.478034560608002,0.453839462197441,0.476702638256509,0.522725401604663,0.537385071196389,0.405058430637812,0.456182335028347,0.0385926142356703,0.583938667921992,0.527201271515758,0.516876936175872,0.476679137830531,0.542145506180263,0.522249143239472,0.439124065673209,0.391403012021522,0.393841055035569,0.470392751226459,0.291865866935377,0.374817062981994,0.397610972773872,0.483786063059016,0.605011553300387,0.561948223887851,0.382809189497084,0.395578154416342
"Discoglossus_montalentii",0.527571178919427,0.377025628597276,0.484738341989299,0.584500799837986,0.486900647145907,0.486992269960013,0.505741569930156,0.502369539989151,0.532939094581828,0.566982932526331,0.611234040791307,0.494817214175019,0.404794456315884,0.375481054237602,0.573678141810307,0.482782340114399,0.580146312244671,0.53572393515953,0.520291535954087,0.663782580681571,0.632476557387888,0.611461418046429,0.450389003036725,0.369147240298321,0.609834378236979,0.617233916629618,0.394442012016254,0.612045838518563,0.57002044983267,0.412438939979063,0.581945102096892,0.04128946691258,0.563976227714403,0.581713491963086,0.330347347583252,0.334207886690304,0.316995163530612,0.466127258409339,0.492048488298586,0.443420043182137,0.596417119809175,0.650428149375902,0.446042981050571,0.502843588353826,0.673813589792779,0.571017190297695,0.636150814077694,0.490102902181813,0.623065542709639
"Pelophylax_grafi",0.542232184293153,0.489399621479993,0.648439510493058,0.452134361554741,0.655004931919323,0.485091718411265,0.475438042762621,0.325023043401882,0.464370807343438,0.470302207189499,0.58796242175878,0.56345998372648,0.649101027765878,0.623990358699881,0.510110136062225,0.669916209023401,0.593055737871943,0.578968188346339,0.500260307859613,0.571352231129042,0.59464173962603,0.519957158333737,0.568566052584459,0.657900143205279,0.560700117100296,0.582918787579457,0.545332694449297,0.506373325383182,0.401194992257756,0.577861081147206,0.574582467819335,0.605142190153414,0.0179532135306229,0.269381177810005,0.59500553929032,0.588201723282675,0.648951816299468,0.689425792422557,0.592625734140795,0.624467644252376,0.521726952305752,0.51608035224061,0.696756073419352,0.735405224339466,0.484214369839043,0.415650970976347,0.461298431251875,0.58947961940167,0.52994956514804
"Pelophylax_perezi",0.488444447902824,0.489103103990199,0.629916013039303,0.454290814202498,0.650773709873982,0.472092332036809,0.461825397553852,0.405006050739365,0.488938349291709,0.435905038787875,0.550866205774265,0.56890468088381,0.666586781424448,0.623826046202655,0.484326662326562,0.679826496380107,0.570626828502035,0.548779488847062,0.605192107253676,0.542424584342538,0.585288853001308,0.497336336001259,0.537874951672103,0.636906044955166,0.535560595387233,0.547317606461336,0.514479275833483,0.49837647293348,0.394234808994096,0.596424463299472,0.538211759805298,0.624389998185319,0.252188021249299,0.0274859196397003,0.59328869750224,0.6167155689453,0.701679273863662,0.70193369258792,0.575730751832346,0.616707739065031,0.524908552048217,0.490264632243648,0.68838201835463,0.72943265190081,0.452035201328675,0.47779354185425,0.455830676787941,0.53527346644054,0.524901955074956
"Speleomantes_strinatii",0.552668820387828,0.405711403409364,0.494350205262748,0.56890633826314,0.56136602251564,0.581909689048724,0.541647840208296,0.530548558355356,0.622214726888755,0.606187331988272,0.612872842779632,0.575079001899987,0.488667626082476,0.409183060646039,0.576760271898771,0.507328634451477,0.586765515243889,0.485300825846142,0.491423489172156,0.551137282851565,0.58309713035371,0.512948818616787,0.426888936901611,0.360466580849689,0.527255529480625,0.575842864187452,0.385358963024902,0.506735269837265,0.538906239224523,0.31340211263216,0.427443350410384,0.3288971637575,0.566193059374713,0.597897765162327,0.0206138619449646,0.30999525854517,0.41439482606669,0.678890750092617,0.483678951990769,0.534286251704824,0.530652574844793,0.62102038190284,0.538715581211599,0.476735543562691,0.540747157999072,0.551413036227686,0.53885344300193,0.517714636630878,0.596026829096025
"Euproctus_montanus",0.498844516069631,0.390824702814427,0.455657762399184,0.554035916429428,0.543546352995456,0.566024059868023,0.516776405723753,0.514663686994588,0.540746852716476,0.537934547855271,0.588850121615961,0.52796894783958,0.348928650032203,0.320172875335912,0.509514659464881,0.356069333811902,0.474678040683651,0.448683539305768,0.452034189289047,0.577962147990149,0.577020936425549,0.599647394746264,0.456334822011983,0.287974247847455,0.555471586245008,0.576429500166631,0.382336248204291,0.541944435241874,0.59128368576771,0.365638422189539,0.50222624229988,0.287410717539124,0.505260009361987,0.533443948655084,0.240583302265339,0.0289095710253116,0.300402348769954,0.456874106400555,0.423594986412792,0.423128797694076,0.555910095189418,0.58832542131757,0.385349246129862,0.37764366887764,0.583895460155334,0.479175202739696,0.544432041940793,0.503972254097104,0.5825864951344
"Salamandra_corsica",0.570680467418725,0.599982910731377,0.620285911200639,0.684618475735972,0.633533767458866,0.637098922704625,0.554364612747181,0.62506278491205,0.682657505155581,0.637317089894717,0.702674447040676,0.59421881316721,0.344063001818508,0.47884532864138,0.635071487423748,0.375682611429452,0.562278195108402,0.523596009441146,0.493082102561486,0.610772782150908,0.656177200428382,0.654503979672233,0.628047216282643,0.54197991593724,0.625124433644786,0.686436248651025,0.614002813663565,0.622914380899946,0.594471300626734,0.577942779308374,0.627323372640003,0.417611260604383,0.624904799775725,0.657036519969749,0.518930097237314,0.40155414645969,0.0302969051553232,0.485818311990116,0.6656126474575,0.657382061736499,0.679659766746496,0.583455298140021,0.271783150227041,0.329225379019747,0.653373467244004,0.527766472091601,0.624525550291844,0.676085524853278,0.613003077597492
"Iberolacerta_aranica",0.651670184560622,0.67136219701293,0.621330344506523,0.649593047324575,0.702112618466948,0.659246243013504,0.710340345874478,0.680561551446221,0.648912491518525,0.627567752385186,0.593705232939753,0.619826627538285,0.325523643008578,0.498133502724921,0.658404562433648,0.274554347933347,0.607256093066577,0.691498183112222,0.535745931310588,0.624383023934025,0.646152983185988,0.691021582817838,0.614418055006624,0.516142307337158,0.61381122134415,0.6246530286408,0.628510325128711,0.631726736608926,0.712643644731463,0.608029197092897,0.568332137079811,0.623471013424417,0.676099700036408,0.69208494358645,0.679448803424853,0.605501740770452,0.442219795129525,0.0469093367960538,0.347096898530841,0.344723650649483,0.563007692381116,0.675140161742305,0.396851125852517,0.380372851230056,0.628692135410304,0.697507581190451,0.649504134568087,0.544478230972715,0.665708207794224
"Iberolacerta_aurelioi",0.673846727623227,0.556453713199893,0.602643139824095,0.68648160446102,0.651100680887186,0.646035654324844,0.700736218946889,0.659534057468607,0.634022750868419,0.642741559232887,0.565086862942915,0.685096210848593,0.517950824306772,0.359656324407638,0.643816087524383,0.383093675522,0.569062482829533,0.658949872272154,0.58594155626601,0.628629667083095,0.662512833689863,0.706898710399383,0.508685376898585,0.496041397650854,0.619201952871367,0.644707439565064,0.4964542997564,0.635886586039441,0.724418344858464,0.468665556053132,0.490119598748265,0.580597055936544,0.634393663833072,0.664868523415933,0.529899769016704,0.53983325647386,0.654369015886615,0.223295823251607,0.04128946691258,0.1330670339367,0.564728208150851,0.717392363606688,0.638927901874371,0.562430712867448,0.591698486911862,0.646696811255255,0.650882354882994,0.453165882718414,0.701946129559795
"Iberolacerta_bonnali",0.609972160476523,0.572687877158006,0.523900123120778,0.638764878072123,0.649937883347581,0.646217456550385,0.670582528491989,0.636816332131,0.612790306468441,0.654976899665548,0.566036076118507,0.615979976928609,0.426226740552613,0.345474186866077,0.652416833504702,0.350095735082121,0.573476814305883,0.631773129186804,0.530931602761491,0.586170155960979,0.629677116895299,0.667295841459083,0.458992466794292,0.431404117340381,0.573901300784604,0.597802517962723,0.466478462841591,0.594274923786578,0.697439857384177,0.481273381834091,0.425350560096681,0.491409878074088,0.628266626043291,0.6698028309024,0.557382438604006,0.473223677686808,0.593706474547378,0.21377410487168,0.137499499906491,0.0522458244072687,0.537413616230822,0.670310288896202,0.531066345040993,0.559978283833934,0.595202223929605,0.650729905513344,0.632544813280417,0.413861731898923,0.647848970966508
"Lacerta_agilis",0.456231313310653,0.52241122430106,0.288559852422152,0.382897447687094,0.443493084252014,0.50055081954608,0.546569417318415,0.465162098721088,0.444130001434562,0.405240554895425,0.44495857871834,0.440992126667946,0.522703026735457,0.475742558104231,0.398267953316301,0.534444131156211,0.412923937477412,0.518055958179269,0.393964713423466,0.331185581820659,0.392857726860147,0.361083614989716,0.51090354846514,0.539373042248371,0.351275101146459,0.366425042828871,0.477916025508313,0.368583201728238,0.466594059655048,0.530379849150849,0.444855732335131,0.535865421611841,0.512784406960073,0.501724249120172,0.45864932339173,0.525936407108354,0.606363627110577,0.508290379924068,0.406984042829921,0.443887471790919,0.0324395192633334,0.372930151171108,0.542656365490865,0.480923809409659,0.357110861100227,0.50442153083167,0.405510067404065,0.40342859319484,0.309086603310202
"Vipera_berus",0.379480618799117,0.557208215792756,0.516130367706719,0.436331740361795,0.497089765810536,0.4895919198666,0.442375350380687,0.578397288347523,0.540448318035851,0.449445667520206,0.528503042283501,0.543618141425557,0.60143902091335,0.579677279430991,0.469059513685681,0.563441161365217,0.503974482032105,0.537208911822382,0.468558838825643,0.209372453730977,0.43482437013078,0.318404122220531,0.49108577078699,0.55411387872443,0.447923215490094,0.405804306980856,0.50978130033914,0.490628210198854,0.318380311374586,0.546914287353819,0.256476426114363,0.616498299928458,0.511297596261991,0.480340053033107,0.574161468624917,0.616182897260469,0.5938906104967,0.600799354424276,0.535007279430136,0.557235155843177,0.403043545017924,0.0262489226109699,0.377207339560308,0.51351625643115,0.423351651219207,0.527191594289304,0.485396308000456,0.446494967562871,0.299884483296301
"Vipera_seoanei",0.699013044140372,0.707766485695554,0.713434990555138,0.78673554346819,0.726336619134279,0.728959823155796,0.665873676576897,0.788847298584022,0.738594816181262,0.663881388338213,0.756154354765178,0.68100718308321,0.321345109133122,0.612877360363832,0.768555927988161,0.417767591828059,0.724766482913845,0.729787463896661,0.622772189147487,0.548577150324597,0.645626723970405,0.62110691130995,0.682982165742642,0.582774049340473,0.717035922500961,0.716757977194215,0.703853133658596,0.691916187020195,0.580281281257966,0.698497621476176,0.571149073111082,0.636182177602433,0.738213343556815,0.718461829954991,0.670290320190076,0.590740918195484,0.331042992918354,0.422745472074295,0.734899318882101,0.678460683334675,0.693387045925296,0.508086844449122,0.0200213773501447,0.215613830524291,0.69885767054257,0.715890714051773,0.73206007231045,0.697697799793161,0.625302804392976
"Vipera_ursinii",0.760682737321948,0.737681784886505,0.671663330456847,0.771439595764229,0.731127226603425,0.745588517110487,0.724210776470607,0.73844912087575,0.739260329010331,0.765957202665703,0.751159810591436,0.764856870794501,0.390413861555243,0.633111963805411,0.774941441751037,0.516637386587695,0.75822992296831,0.716371335280303,0.661209835804479,0.578351115775313,0.587144113034223,0.603171885228742,0.657636161805151,0.531740828487067,0.654956733971025,0.714658665518297,0.668863208399131,0.642208971549718,0.63798981420049,0.636218982344209,0.539386413227668,0.638995730463026,0.745863566266583,0.780012998276259,0.614932894475679,0.574049266871408,0.353292729280296,0.410714522885038,0.662278738756265,0.686193795498446,0.647412541624304,0.596186821967074,0.246748952356147,0.0302969051553232,0.631498267066596,0.715995695674423,0.646137788903067,0.736285662426901,0.667516815139317
"Emys_orbicularis",0.422997976691175,0.48038758002738,0.494249415292998,0.41771172119856,0.521711741076764,0.417819640773188,0.455993871866058,0.387342847214186,0.448181515263338,0.432589400529411,0.515654034532926,0.49057914531064,0.607668760885129,0.49642870623522,0.460963791488267,0.524473090005881,0.440069088116792,0.458496799592094,0.487766900153986,0.359748919008319,0.335054901558013,0.347900153101361,0.473064420554164,0.527167548561857,0.285812400360864,0.428315908016235,0.461581749672032,0.327433703949719,0.288465022420056,0.425618213172676,0.411293364589399,0.550561190920592,0.423073748349502,0.362556754878958,0.524824149269008,0.523203723590874,0.553279784501324,0.565467842435734,0.523849865084827,0.54271067393608,0.402721570760741,0.407065465060978,0.56939660580756,0.520772839002414,0.0323650689748451,0.347283207297126,0.317210865345028,0.494388093261957,0.348342923380994
"Mauremys_leprosa",0.588479497481786,0.608499782065427,0.665198925337147,0.546884787390806,0.545514555508299,0.50669697697169,0.527757858858531,0.462413354396363,0.543689335110478,0.501920303229982,0.56917650966674,0.549300906727244,0.787928108551873,0.662166766611957,0.455084277360056,0.686214952135555,0.518121759290747,0.52144443814619,0.614409524001253,0.627925188004776,0.51789059802931,0.506735541003475,0.61489460251202,0.601992132989668,0.584984717778197,0.542671827827849,0.605495123094897,0.470288656555225,0.423939526644209,0.615595846577186,0.682374809579093,0.590493501338324,0.460391830612991,0.506683371174969,0.662520184183568,0.546315865003105,0.5902368732178,0.808079808705968,0.688631659772208,0.722231091461663,0.655714427010542,0.521705486703546,0.706845060192671,0.669612843184341,0.52165235297725,0.0200213773501447,0.450161622182052,0.699237918622377,0.520445310953129
"Testudo_hermanni",0.529490668629419,0.461553273068967,0.592633805061434,0.439195930977263,0.566025728882002,0.41828125240376,0.38377076108842,0.400028532990884,0.565749534762547,0.518141357439796,0.556329178514966,0.552204967551932,0.657199375034911,0.523593759634667,0.464174188085186,0.583407561670174,0.5055605366984,0.470375216832982,0.492099757582687,0.484518510817697,0.362430497868455,0.398400363567748,0.447534496307021,0.534034590203829,0.355118207043002,0.444316055639375,0.424431519253986,0.348783716781959,0.427715514162178,0.508085637533424,0.576794981827691,0.594602457771335,0.440485553944606,0.390612756824609,0.552073605394417,0.550068813001916,0.563610575418667,0.616614309425803,0.586469648174849,0.540238580862863,0.547797141402426,0.474779916248874,0.663047467059088,0.575047944995175,0.298283431505271,0.389814523737314,0.0302969051553232,0.595417779590295,0.49451583070297
"Zootoca_vivipara",0.371775738653349,0.392568765843107,0.278288176259266,0.442860734809117,0.415171257415901,0.433362495111336,0.489589566117653,0.527718986754137,0.481300735496583,0.484360531242137,0.347139475564541,0.48543611791179,0.446227887967759,0.429274331362088,0.499110728813038,0.417131978458252,0.573611867263248,0.457746775900249,0.428461629281766,0.351070959949351,0.533016768136233,0.436778484038042,0.39737842385245,0.43713372460186,0.433336698752009,0.299706117322533,0.392220873441782,0.492468314666027,0.427031149007976,0.413152928552385,0.31075306240452,0.478062247585709,0.522219424949897,0.461313170959668,0.453211449658194,0.502864456214419,0.492943094430959,0.377569964532166,0.361171828172901,0.359257673102198,0.380469005747901,0.403609905024954,0.445376326215413,0.486326921504119,0.482170056069655,0.526178095201243,0.513251697486983,0.0481253203447476,0.396638169789972
"Natrix_natrix",0.382644998360682,0.478399073842545,0.388457046154214,0.471949000097176,0.450998722993923,0.449343950541262,0.503829114466609,0.51998531759804,0.472523861345515,0.418093557014422,0.451374180302806,0.466007729060316,0.514658480755867,0.508972729271663,0.46261029555076,0.548645766746982,0.418771400732823,0.487879524898131,0.429035159431746,0.337849387130567,0.24258720365015,0.332183314543042,0.527231530508045,0.568724586395252,0.340848715417822,0.39782224639424,0.559071631286532,0.458508030352197,0.450273870237041,0.568649042916084,0.434309668996509,0.553285171770251,0.57454208000673,0.527442778941358,0.563296176202801,0.547114523567022,0.555270683664938,0.570518231148704,0.547347575287636,0.535279654815861,0.386749551853137,0.393972461173401,0.482213005960312,0.522057383601461,0.459235753754782,0.473877436606183,0.479918967518578,0.442918166984189,0.0241483354630327
